Date;Bid;Ask;Opening price;High price;Low price;Closing price;Average price;Total volume;Turnover;Trades
30-12-2021;1155,00;1155,50;1167,00;1169,50;1151,00;1151,00;1154,907;115422;133318183,75;1457
29-12-2021;1171,50;1172,50;1168,50;1175,00;1165,00;1169,50;1170,582;81235;95092944;1613
28-12-2021;1164,50;1166,50;1164,50;1174,50;1162,50;1166,00;1169,221;76636;89609439;1148
27-12-2021;1159,50;1160,50;1146,00;1166,50;1142,00;1161,00;1158,864;64190;74371883,25;1106
23-12-2021;1149,50;1151,00;1150,00;1152,50;1139,00;1145,50;1145,447;113673;130204113;2145
22-12-2021;1140,00;1140,50;1116,00;1147,50;1108,50;1147,50;1134,579;194110;220193050,25;4364
21-12-2021;1099,00;1099,50;1099,00;1103,50;1091,50;1103,50;1100,497;194973;214543157,25;2816
20-12-2021;1092,50;1094,00;1083,00;1095,00;1070,50;1090,50;1088,464;183962;200222335,25;3985
17-12-2021;1096,00;1097,00;1097,00;1098,00;1082,50;1097,50;1095,214;285860;313044175,5;3351
16-12-2021;1091,50;1092,50;1097,00;1100,50;1081,00;1095,50;1091,908;254414;277784805,75;4022
15-12-2021;1084,00;1084,50;1056,00;1086,50;1056,00;1086,50;1081,021;268576;290287099,5;4011
14-12-2021;1055,50;1057,50;1069,50;1074,50;1050,50;1056,00;1058,745;180880;191517919;2897
13-12-2021;1069,50;1070,50;1070,50;1076,50;1063,50;1068,50;1069,58;143541;153535431;2984
10-12-2021;1068,00;1068,50;1075,50;1075,50;1047,50;1070,50;1065,663;159876;170348150,18;2938
09-12-2021;1077,00;1077,50;1079,50;1088,50;1075,00;1077,50;1078,341;114506;123477953,25;1952
08-12-2021;1073,50;1074,50;1081,00;1096,00;1072,50;1072,50;1079,138;192832;208112012;3113
07-12-2021;1084,00;1085,00;1060,00;1085,00;1060,00;1082,50;1079,352;183792;198375925;3243
06-12-2021;1052,50;1053,50;1058,00;1065,50;1044,50;1053,00;1054,03;190639;200945959,25;3710
03-12-2021;1055,00;1055,50;1053,50;1073,50;1043,50;1053,50;1057,615;194626;205862880,75;4321
02-12-2021;1064,50;1065,50;1085,50;1091,50;1060,00;1066,50;1069,061;204552;218689228,25;3872
01-12-2021;1090,00;1091,00;1080,00;1091,50;1061,00;1086,50;1080,206;222023;239820481,25;4463
30-11-2021;1075,00;1076,50;1068,50;1084,00;1054,00;1073,00;1072,614;590277;633137292,75;4751
29-11-2021;1081,00;1081,50;1097,00;1107,50;1074,50;1074,50;1080,151;215250;232508511,75;3477
26-11-2021;1099,50;1100,00;1075,00;1110,00;1068,00;1097,50;1098,518;200659;220436687,75;4237
25-11-2021;1097,00;1098,00;1102,00;1103,50;1090,50;1097,00;1096,309;252526;276864408,41;3559
24-11-2021;1092,50;1093,50;1115,00;1127,00;1085,00;1096,00;1096,097;242298;265558733,5;5051
23-11-2021;1114,00;1114,50;1177,00;1181,00;1111,00;1115,00;1139,843;358899;411106766,75;5975
22-11-2021;1185,00;1186,50;1174,00;1194,00;1168,00;1181,50;1186,633;345576;410076434,25;4838
19-11-2021;1176,50;1177,50;1166,00;1191,00;1162,50;1174,00;1177,714;194769;229436034,75;3802
18-11-2021;1170,00;1171,00;1170,00;1175,50;1165,00;1170,00;1170,168;116689;136544590,75;2266
17-11-2021;1173,00;1174,00;1167,50;1182,00;1166,50;1172,50;1172,626;126894;148799756,5;3000
16-11-2021;1170,00;1170,50;1171,50;1176,00;1166,00;1166,00;1168,709;237881;278016200;3360
15-11-2021;1179,00;1180,00;1178,00;1181,00;1170,00;1175,00;1175,798;244507;287482928,5;3814
12-11-2021;1179,00;1180,00;1156,50;1179,50;1153,50;1177,50;1171,578;343569;402592786,18;4337
11-11-2021;1154,50;1156,00;1137,50;1157,50;1124,50;1153,50;1150,995;384919;443196311,75;4975
10-11-2021;1120,00;1121,50;1115,50;1121,00;1096,50;1119,00;1114,727;116112;129431152,75;2145
09-11-2021;1115,00;1115,50;1111,00;1118,00;1097,50;1115,50;1111,652;157724;175305851,39;3202
08-11-2021;1117,00;1117,50;1095,00;1146,50;1077,50;1115,50;1114,637;348555;388474201,5;6866
05-11-2021;1056,00;1057,00;1073,00;1077,50;1043,00;1056,50;1058,992;174875;185197329,75;4033
04-11-2021;1067,00;1067,50;1057,50;1072,50;1053,00;1070,50;1068,542;176091;188153641,05;3016
03-11-2021;1054,00;1055,00;1031,50;1060,50;1030,50;1054,50;1053,59;235973;248615104;4351
02-11-2021;1032,00;1033,00;1001,50;1039,00;1001,50;1032,50;1028,942;361789;372260984,75;6871
01-11-2021;1030,00;1031,00;1055,00;1084,50;1000,00;1031,50;1039,119;364121;378490978,75;8265
29-10-2021;1054,00;1055,00;1067,50;1068,50;1049,00;1049,00;1053,062;279646;294519599,5;4488
28-10-2021;1069,00;1070,00;1058,50;1077,00;1058,50;1073,00;1070,323;146389;156686683,75;3301
27-10-2021;1064,50;1065,50;1067,50;1075,50;1057,00;1065,00;1067,573;173785;185562730,75;3922
26-10-2021;1066,50;1067,50;1082,50;1085,50;1051,50;1064,00;1063,633;158425;168491486,75;4000
25-10-2021;1086,50;1087,50;1072,50;1088,00;1070,00;1086,00;1081,937;156500;169319929,75;3965
22-10-2021;1060,50;1061,00;1062,00;1065,50;1055,50;1057,00;1058,18;141588;149834051,75;3106
21-10-2021;1060,00;1061,00;1048,50;1066,00;1044,00;1060,50;1058,431;132553;140292895,75;2688
20-10-2021;1050,00;1051,00;1049,50;1059,00;1045,50;1051,50;1051,084;165090;173527188,5;3277
19-10-2021;1052,00;1053,00;1025,00;1059,50;1016,00;1050,50;1040,48;199031;207081488,25;5125
18-10-2021;1024,50;1025,50;1015,50;1025,50;1009,00;1024,00;1020,003;107351;109490007,25;2614
15-10-2021;1020,00;1021,00;1004,00;1021,00;1001,50;1019,50;1014,616;110215;111813367,5;2516
14-10-2021;1001,00;1001,50;1014,50;1019,50;1001,00;1001,00;1006,076;139262;140109445,5;2728
13-10-2021;1006,50;1007,50;994,40;1013,00;988,40;1008,50;1003,815;99899;100276555,3;2898
12-10-2021;995,00;995,80;994,80;1010,00;993,80;995,60;999,581;136210;136161323,55;3810
11-10-2021;1000,00;1001,00;992,00;1001,00;986,20;1000,50;995,319;129924;129303686,9;3056
08-10-2021;989,20;990,00;989,80;994,00;984,60;990,00;989,505;154409;152788552,1;4052
07-10-2021;988,60;989,00;986,20;994,60;979,00;985,60;986,422;176765;174366630,2;4774
06-10-2021;982,40;983,60;983,80;984,80;969,20;982,60;979,277;190956;186995144,9;4288
05-10-2021;980,00;980,80;979,60;992,60;968,80;985,20;981,724;209519;205710600,89;4922
04-10-2021;985,80;986,20;994,80;1003,00;985,80;986,20;993,655;174117;173031888,85;4314
01-10-2021;998,20;999,60;999,20;1010,50;996,60;999,00;1000,831;188325;188474140,1;3778
30-09-2021;1009,50;1010,50;1014,50;1029,50;1004,50;1006,50;1011,141;222416;224919420,81;4067
29-09-2021;1009,50;1011,00;1025,50;1032,50;1008,00;1008,00;1014,404;179324;181918469,5;4644
28-09-2021;1026,50;1027,00;1048,00;1050,00;1019,50;1020,00;1025,405;186674;191450786,5;3262
27-09-2021;1050,50;1051,00;1075,00;1082,00;1049,50;1049,50;1058,358;100463;106332913,75;2928
24-09-2021;1073,50;1074,50;1090,00;1094,50;1070,00;1074,50;1076,658;124246;133775545,25;3410
23-09-2021;1090,00;1091,00;1076,50;1094,50;1076,50;1088,50;1088,916;111833;121781011,75;3095
22-09-2021;1072,50;1073,00;1081,00;1089,50;1069,50;1073,50;1076,316;111456;119970205,5;2740
21-09-2021;1084,50;1085,50;1061,00;1085,50;1057,50;1080,00;1075,893;156308;168168801,75;3345
20-09-2021;1065,50;1066,50;1068,50;1078,00;1063,00;1064,50;1068,077;208796;223010720,5;4134
17-09-2021;1080,50;1082,00;1092,50;1101,50;1075,50;1075,50;1078,895;343036;370150475,25;4458
16-09-2021;1093,50;1094,50;1093,00;1104,50;1090,50;1090,50;1092,906;133175;145552132,5;2345
15-09-2021;1092,00;1093,50;1103,00;1106,50;1087,50;1093,50;1093,665;145622;159261480,75;3636
14-09-2021;1103,50;1104,50;1092,00;1109,00;1089,50;1102,00;1101,616;137080;151005270,5;2662
13-09-2021;1091,00;1092,00;1103,00;1119,00;1087,50;1093,50;1099,398;148436;163193842,25;3118
10-09-2021;1103,50;1104,50;1115,50;1124,00;1103,00;1103,00;1107,607;110773;122698387,5;2331
09-09-2021;1118,00;1119,00;1118,00;1127,50;1109,50;1118,00;1118,257;111977;125216010,5;2528
08-09-2021;1126,00;1127,00;1109,50;1136,00;1108,50;1124,50;1126,223;200023;225275339,5;4690
07-09-2021;1116,00;1116,50;1114,00;1121,00;1106,50;1111,50;1112,073;79472;88380058;1660
06-09-2021;1117,50;1118,50;1105,50;1118,50;1105,50;1117,00;1114,594;57312;63873939,75;1386
03-09-2021;1105,50;1106,50;1114,50;1114,50;1095,00;1104,00;1104,852;88330;97594985,75;2434
02-09-2021;1108,00;1109,00;1103,50;1114,00;1101,00;1108,00;1107,895;119726;132654042;2363
01-09-2021;1101,50;1102,50;1096,00;1109,50;1093,50;1102,00;1101,02;134607;148202981;3249
31-08-2021;1090,00;1091,50;1103,50;1106,50;1090,00;1091,00;1093,67;196853;215313495,02;3174
30-08-2021;1096,50;1097,00;1096,00;1103,00;1094,50;1098,00;1098,219;77696;85328746;1468
27-08-2021;1096,50;1097,00;1097,50;1103,00;1095,50;1095,50;1096,764;73935;81094018,25;1616
26-08-2021;1099,00;1100,00;1098,00;1104,00;1094,50;1099,50;1099,13;95049;104473553,25;2675
25-08-2021;1097,50;1098,50;1090,50;1106,00;1090,50;1097,50;1098,338;81918;89974109,5;2310
24-08-2021;1098,50;1099,50;1120,00;1126,00;1097,50;1099,00;1104,229;127847;141184687,25;2914
23-08-2021;1118,00;1119,50;1111,50;1128,00;1109,00;1121,00;1119,488;102266;114491243,25;3115
20-08-2021;1113,50;1114,50;1125,00;1134,50;1108,50;1114,00;1114,911;176225;196483540;4678
19-08-2021;1121,00;1122,50;1117,00;1150,50;1112,50;1124,00;1126,435;190217;214317740,5;4362
18-08-2021;1103,00;1104,50;1136,00;1152,50;1081,00;1107,50;1107,30;358437;396908630,75;7864
17-08-2021;1140,50;1142,00;1133,00;1147,00;1132,50;1138,00;1139,485;208850;237993709;4681
16-08-2021;1136,00;1136,50;1131,50;1139,00;1126,50;1134,50;1135,008;105554;119806647,75;2827
13-08-2021;1134,00;1135,00;1135,00;1140,00;1131,00;1133,50;1134,505;97816;110971938;2442
12-08-2021;1132,50;1133,50;1130,00;1135,00;1117,50;1135,00;1129,193;112069;126540710,6;2526
11-08-2021;1132,00;1133,00;1131,50;1144,00;1129,00;1135,00;1135,13;130292;147899250,75;2974
10-08-2021;1145,00;1145,50;1155,00;1161,00;1142,00;1145,50;1148,689;156829;180160894,15;3586
09-08-2021;1150,50;1151,50;1148,00;1157,50;1145,00;1154,00;1152,707;106435;122673906,75;2856
06-08-2021;1146,00;1147,00;1164,50;1176,50;1142,50;1145,00;1151,131;204824;235827233,5;4437
05-08-2021;1182,00;1182,50;1172,50;1187,00;1166,00;1182,50;1180,649;124519;147016899,5;3461
04-08-2021;1168,00;1168,50;1175,00;1176,50;1166,50;1168,00;1169,543;119349;139541766,87;2387
03-08-2021;1169,50;1170,50;1152,00;1171,50;1146,00;1171,50;1165,756;145358;169429120,98;3432
02-08-2021;1147,50;1148,50;1155,50;1167,00;1134,50;1150,50;1146,852;123389;141499960,5;3055
30-07-2021;1150,50;1151,00;1140,00;1152,50;1117,50;1147,00;1144,48;185622;212419101,38;3358
29-07-2021;1142,00;1143,50;1147,00;1151,00;1130,00;1144,50;1140,747;139918;159595751;2682
28-07-2021;1137,50;1138,00;1110,50;1142,00;1110,50;1142,00;1135,614;149751;170029895,75;2758
27-07-2021;1112,00;1113,00;1116,00;1124,00;1111,00;1112,50;1114,672;153090;170652637,12;2488
26-07-2021;1116,50;1118,00;1126,00;1129,50;1110,50;1119,50;1119,45;100848;112895401,25;2393
23-07-2021;1123,50;1124,50;1114,50;1125,00;1099,00;1121,00;1117,217;146197;163244349,7;3516
22-07-2021;1114,50;1115,00;1103,00;1116,50;1089,00;1116,50;1106,873;104087;115201080,75;2819
21-07-2021;1100,00;1101,00;1102,50;1120,50;1097,50;1102,50;1105,222;181528;200537001,8;3902
20-07-2021;1096,50;1097,50;1100,00;1104,50;1081,50;1101,00;1096,559;148387;162648999,75;3824
19-07-2021;1094,50;1095,50;1096,50;1098,50;1084,50;1098,50;1095,201;153764;168352122,75;3054
16-07-2021;1091,00;1092,00;1073,50;1095,50;1073,50;1094,50;1088,964;244128;265783150,63;5727
15-07-2021;1070,50;1071,50;1075,00;1083,50;1067,50;1073,00;1074,103;153216;164576744;2814
14-07-2021;1072,50;1073,50;1080,00;1085,00;1063,50;1074,00;1072,562;122665;131555830,37;2778
13-07-2021;1080,50;1081,00;1070,00;1083,00;1061,50;1082,50;1077,857;120413;129779384,25;3134
12-07-2021;1070,50;1071,50;1049,00;1077,00;1046,00;1072,00;1070,196;140659;150534727,65;3504
09-07-2021;1048,00;1049,00;1058,00;1073,50;1044,00;1049,50;1052,501;180470;189946565,05;5225
08-07-2021;1060,50;1061,00;1048,50;1067,50;1046,00;1061,50;1060,36;199532;211579506,25;3984
07-07-2021;1046,00;1047,00;1034,00;1051,50;1027,50;1048,50;1046,54;146185;152993095,75;2996
06-07-2021;1031,50;1032,00;1027,50;1035,50;1020,00;1034,00;1031,568;129778;133869736,25;2617
05-07-2021;1027,50;1028,50;1035,00;1035,00;1021,00;1028,50;1026,986;88824;91220627,96;2085
02-07-2021;1033,00;1033,50;1043,50;1052,50;1025,00;1035,00;1036,165;199154;206313217,86;4164
01-07-2021;1045,00;1045,50;1033,00;1046,50;1031,50;1045,00;1041,447;208249;216858583,25;3959
30-06-2021;1028,50;1030,00;1005,00;1052,50;1003,00;1029,00;1031,808;423303;436776263,25;7910
29-06-2021;1010,50;1011,50;1000,50;1017,50;989,40;1007,50;1002,982;233960;234639182,4;4570
28-06-2021;999,00;999,80;987,00;1001,50;985,00;1000,50;996,535;173117;172511897,25;5052
25-06-2021;986,00;986,80;998,00;998,00;979,20;989,40;986,905;205269;202562785,9;5094
24-06-2021;976,40;977,20;975,40;983,00;975,40;980,60;979,884;140851;137976022,28;4048
23-06-2021;977,00;977,60;983,20;987,20;973,00;976,80;977,421;156672;153133597,1;3710
22-06-2021;990,20;990,60;998,20;1000,00;987,20;988,80;990,61;174790;173153197,15;4192
21-06-2021;997,60;998,20;1000,00;1007,50;989,20;998,20;998,337;148792;148538103,35;4005
18-06-2021;1001,00;1002,00;995,80;1013,00;994,40;1001,00;1002,449;364157;365069921,3;3773
17-06-2021;992,80;993,20;981,20;995,80;975,60;995,80;990,034;184655;182805730,8;3718
16-06-2021;994,60;995,00;992,40;1001,00;984,40;991,40;992,946;193196;191842869,85;3211
15-06-2021;993,40;994,20;993,80;1004,00;991,00;992,40;994,673;195353;194324250,9;3652
14-06-2021;990,40;991,00;984,40;994,80;980,00;989,20;989,498;145508;143983832,6;1940
11-06-2021;981,00;981,20;983,80;984,40;973,40;982,20;981,00;188386;184753846,05;2640
10-06-2021;973,40;973,80;983,40;989,00;967,80;972,40;974,023;228382;222447410,5;4640
09-06-2021;978,60;979,40;968,00;990,00;963,80;981,40;979,375;174953;171338493,9;3912
08-06-2021;968,00;968,40;987,80;990,40;956,00;968,20;969,301;345515;334903371,4;7130
07-06-2021;994,00;994,80;983,40;1005,50;983,40;994,00;995,479;255149;253993405,9;5580
04-06-2021;982,80;983,40;977,40;984,00;972,80;982,40;979,529;101621;99536455,2;3259
03-06-2021;975,00;975,80;972,60;978,00;964,00;974,80;973,114;141987;138161610,1;3915
02-06-2021;969,20;969,80;970,60;984,20;967,40;970,40;971,181;176018;170946551;3957
01-06-2021;972,40;973,20;962,20;981,00;962,00;970,40;972,074;189562;184278674,7;5122
31-05-2021;960,60;960,80;967,60;977,00;958,20;960,60;964,331;118755;114519885,3;1925
28-05-2021;971,80;972,40;955,40;975,60;952,60;969,60;968,449;139559;135157838,5;3056
27-05-2021;959,60;960,00;972,00;972,80;956,00;957,80;959,382;443939;425930671,2;4529
26-05-2021;976,40;977,00;977,00;990,00;970,20;973,40;976,33;273473;267012304;4379
25-05-2021;978,80;979,00;984,80;986,40;974,20;977,40;978,557;179747;175893086;4575
21-05-2021;987,20;987,80;974,80;994,20;973,60;988,60;986,384;237800;234557515,3;5079
20-05-2021;976,00;977,00;963,40;979,20;963,40;970,00;970,862;261710;254086665,3;4986
19-05-2021;960,00;960,60;958,80;967,80;953,40;963,00;962,246;176533;169864271;3812
18-05-2021;965,20;965,60;976,60;976,60;956,40;964,80;964,052;250540;241525027;6305
17-05-2021;976,60;976,80;981,60;981,60;956,60;976,60;974,414;256910;250335131,4;6472
12-05-2021;954,00;954,20;956,40;967,40;950,20;952,00;955,632;226520;216494299,3;5173
11-05-2021;955,20;955,80;960,00;960,00;938,60;955,00;951,409;234257;222858398,8;4936
10-05-2021;965,60;966,20;978,00;979,40;963,60;963,60;968,516;243610;235990448,2;6358
07-05-2021;985,20;985,40;985,60;997,80;980,20;985,20;988,572;290471;287161399,1;6937
06-05-2021;978,00;978,80;1040,00;1040,00;959,00;970,60;979,786;557884;546828465,63;11413
05-05-2021;1029,50;1031,00;1019,50;1038,50;1019,50;1028,00;1030,963;181149;186761757,25;3904
04-05-2021;1021,00;1021,50;1015,50;1027,50;1014,00;1019,50;1019,364;228460;232883260;5166
03-05-2021;1014,00;1015,00;1038,50;1039,00;1007,00;1017,00;1018,86;170477;173669152,06;3720
29-04-2021;1023,00;1024,00;1010,00;1034,50;1007,50;1023,50;1024,827;233009;238801576,25;4975
28-04-2021;1009,50;1010,50;1003,00;1012,50;998,20;1010,00;1007,313;144003;145051699,85;2850
27-04-2021;1006,00;1007,00;1006,00;1018,00;1003,00;1004,00;1006,472;138629;139526414,5;3329
26-04-2021;1006,00;1007,00;1010,00;1015,00;1000,00;1005,50;1007,102;159048;160183681,5;4309
23-04-2021;1007,50;1008,50;1011,50;1016,50;1002,50;1010,50;1010,881;230176;232721881,5;4591
22-04-2021;1015,50;1016,50;1004,50;1017,50;995,00;1012,50;1011,567;177067;179098111,07;3741
21-04-2021;1008,50;1009,00;991,60;1009,50;987,20;1006,00;998,938;230703;230440844;5620
20-04-2021;986,20;986,80;987,00;993,80;983,80;985,20;986,956;185983;183557543,5;4555
19-04-2021;988,80;989,00;995,20;995,80;983,20;988,60;989,405;128696;127333507;2906
16-04-2021;993,40;994,00;983,60;996,40;980,80;994,00;991,618;195908;194264439,5;5383
15-04-2021;980,60;981,20;960,60;981,20;957,20;978,60;975,993;165586;161600082,7;4231
14-04-2021;961,60;961,80;984,00;984,00;959,60;959,60;966,466;192404;185971877,4;3747
13-04-2021;978,00;978,40;959,80;980,40;958,60;977,60;974,449;186139;181363253,2;4496
12-04-2021;956,60;956,80;965,60;966,60;951,20;957,20;957,189;164564;157519078,52;4688
09-04-2021;964,20;964,40;953,40;966,80;948,40;965,60;963,431;152944;147349775,5;3943
08-04-2021;951,60;952,20;938,00;954,00;934,20;951,60;947,284;252182;238869911,1;7440
07-04-2021;942,40;943,20;952,20;957,80;933,80;937,80;940,99;325771;306570365,5;6175
06-04-2021;950,60;950,80;937,00;957,00;934,40;948,60;948,636;370893;351809037,45;7975
31-03-2021;955,80;956,40;950,00;962,60;937,80;953,80;953,443;318957;304123681;5490
30-03-2021;950,60;950,80;973,00;973,00;949,40;950,20;955,206;158331;151238369,4;3628
29-03-2021;969,20;969,80;959,20;975,40;954,40;968,20;966,298;320539;309687871;6068
26-03-2021;953,20;954,00;966,20;967,40;949,80;954,00;954,819;160456;153204984,8;3982
25-03-2021;959,40;959,60;947,00;966,80;944,00;964,20;958,916;237162;227392287,5;6148
24-03-2021;957,40;958,00;966,60;970,80;953,40;954,60;957,431;232317;222435576,7;5998
23-03-2021;962,40;962,60;960,00;971,20;951,40;962,40;963,088;203945;196416581,2;6177
22-03-2021;954,60;955,20;934,60;956,60;923,60;956,60;947,934;229635;217657906,7;5030
19-03-2021;934,80;935,40;921,00;937,40;915,40;937,40;934,017;505442;472077802,4;6111
18-03-2021;921,20;922,00;938,00;938,40;911,80;922,40;920,463;267145;245888377,5;6650
17-03-2021;933,20;933,80;942,40;942,60;929,60;935,40;936,022;260657;243989886,5;5465
16-03-2021;942,00;942,20;939,00;947,00;932,60;943,00;942,228;234481;220932179,2;4903
15-03-2021;931,40;931,80;919,80;934,40;913,40;931,80;927,695;210585;195357498,7;4286
12-03-2021;913,80;914,20;907,60;917,40;903,40;917,40;915,074;342017;312958929,7;5799
11-03-2021;912,40;912,80;905,60;916,40;900,20;911,00;910,817;204850;186588869,3;5706
10-03-2021;906,40;906,60;894,00;908,40;884,20;905,00;900,959;244403;220183681,6;6358
09-03-2021;892,80;893,20;872,00;902,20;859,00;892,20;884,823;272534;241148040,8;5996
08-03-2021;876,20;877,00;882,60;884,00;862,00;874,20;873,779;330815;289055039,2;8117
05-03-2021;859,20;859,60;887,80;888,20;855,20;857,00;862,813;548817;473453173,16;11529
04-03-2021;896,60;897,20;905,40;907,40;886,80;894,40;895,509;271447;243112366,9;5793
03-03-2021;906,00;906,40;946,00;946,20;905,40;909,00;915,498;326378;298841053,1;6926
02-03-2021;945,60;946,20;949,40;954,80;943,00;943,00;946,522;132003;124950695,1;3575
01-03-2021;946,60;947,00;946,00;956,80;939,20;947,60;946,848;196935;186469139,8;5142
26-02-2021;940,60;941,40;946,00;954,80;935,80;938,80;942,002;245648;231413929,4;4884
25-02-2021;948,20;949,00;935,60;949,60;934,80;946,20;945,062;195743;184987961,5;4248
24-02-2021;936,00;936,60;938,40;944,60;932,00;933,60;936,144;159888;149683559,6;4070
23-02-2021;935,20;935,80;951,40;955,20;925,40;938,40;936,678;178186;166898636,9;4844
22-02-2021;949,40;949,60;968,00;970,20;947,40;947,40;955,15;200621;191622476;4701
19-02-2021;970,40;970,80;986,40;989,40;968,20;973,80;976,254;302256;295086094,3;7002
18-02-2021;982,40;982,60;1005,00;1013,00;982,40;984,60;991,39;234858;232861678,5;5002
17-02-2021;1011,50;1012,50;1024,00;1026,00;1008,50;1008,50;1012,911;214433;217209028,5;4516
16-02-2021;1030,00;1031,00;1041,00;1044,50;1029,00;1029,00;1034,233;145622;150622733,75;3048
15-02-2021;1043,50;1044,50;1028,50;1048,50;1028,00;1042,00;1041,087;154128;160424711,05;2989
12-02-2021;1031,00;1031,50;1026,00;1039,50;1026,00;1030,00;1031,299;182209;187918473;3264
11-02-2021;1027,00;1027,50;1017,00;1030,00;1015,50;1028,00;1025,42;134191;137595436,25;2783
10-02-2021;1016,00;1017,00;1010,00;1020,50;1002,50;1016,00;1015,208;221885;225249909,52;4914
09-02-2021;1005,50;1006,50;1004,00;1008,00;999,20;1007,00;1004,706;204626;205568868,9;3688
08-02-2021;998,20;999,00;1019,50;1019,50;995,60;1001,00;1001,867;196467;196833111,63;3427
05-02-2021;1008,00;1009,00;1007,50;1018,50;1003,50;1012,00;1013,206;243657;246834695,84;3811
04-02-2021;1000,00;1001,00;999,00;1006,50;993,00;1003,50;1001,226;315886;316251302,19;6512
03-02-2021;998,40;998,80;1022,00;1022,00;990,80;997,00;1000,558;401513;401765640,6;7769
02-02-2021;1018,50;1019,00;947,80;1023,00;931,40;1018,00;990,552;537828;532610234,29;10104
01-02-2021;933,60;934,00;925,60;938,00;921,40;935,40;933,428;228623;213395409,5;5550
29-01-2021;919,00;919,80;937,80;937,80;917,40;917,40;920,81;264056;243155955,3;4335
28-01-2021;943,60;944,00;942,60;948,00;923,80;945,60;940,263;297361;279557056,3;6659
27-01-2021;946,20;946,80;943,40;951,40;935,60;945,40;943,964;268681;253624862,3;6307
26-01-2021;943,00;943,80;950,00;961,60;938,40;942,60;946,813;286632;271388962,4;6574
25-01-2021;948,60;949,00;917,40;950,00;914,00;949,80;939,367;330985;310737729,1;6957
22-01-2021;912,20;912,60;904,80;916,00;899,00;916,00;911,06;216698;197416169,5;5054
21-01-2021;899,60;900,40;910,00;912,40;896,80;902,00;902,288;238634;215324065,74;4628
20-01-2021;909,60;910,00;900,00;914,80;891,60;907,20;905,829;314483;284868091,2;5976
19-01-2021;893,20;893,80;888,20;895,00;882,60;891,00;888,526;409312;363552577,57;5957
18-01-2021;888,20;888,60;889,80;900,00;886,20;886,20;893,811;182462;163088602,2;3220
15-01-2021;889,00;889,60;885,00;892,20;882,80;892,20;889,245;347486;308915697,53;5854
14-01-2021;890,60;891,00;887,20;892,20;879,80;887,40;887,436;256895;227976987,5;4311
13-01-2021;883,60;884,40;879,80;886,80;872,80;883,80;880,618;264917;233291227,9;5172
12-01-2021;882,20;883,00;902,00;906,00;882,00;882,00;889,207;313610;278869027,9;6453
11-01-2021;902,80;903,20;915,00;919,20;900,20;900,20;905,588;290266;262862663,88;6023
08-01-2021;912,80;913,40;907,00;915,20;904,60;915,00;912,561;270763;247081972,7;6244
07-01-2021;904,00;904,40;913,60;918,60;902,20;902,20;905,481;238102;215602932,6;4748
06-01-2021;914,00;914,80;923,00;923,00;907,40;912,60;912,736;257536;235243887,9;6047
05-01-2021;922,60;923,60;936,40;936,60;913,00;923,80;923,294;272049;251159306,56;5960
04-01-2021;936,00;936,60;933,20;939,80;930,00;937,40;934,95;237212;221785391,3;5433
;;;;;;;;;;
;;;;;;;;;;
;;;;;;;;;;
;;;;;;;;;;
;;;;;;;;;;
;;;;;;;;;;
;;;;;;;;;;
;;;;;;;;;;
;;;;;;;;;;
;;;;;;;;;;
;;;;;;;;;;
;;;;;;;;;;
;;;;;;;;;;
;;;;;;;;;;
;;;;;;;;;;
;;;;;;;;;;
;;;;;;;;;;
;;;;;;;;;;
;;;;;;;;;;
;;;;;;;;;;
;;;;;;;;;;
;;;;;;;;;;
;;;;;;;;;;
;;;;;;;;;;
;;;;;;;;;;
;;;;;;;;;;
;;;;;;;;;;
;;;;;;;;;;
;;;;;;;;;;
;;;;;;;;;;
;;;;;;;;;;
;;;;;;;;;;
;;;;;;;;;;
;;;;;;;;;;
;;;;;;;;;;
;;;;;;;;;;
;;;;;;;;;;
;;;;;;;;;;
;;;;;;;;;;
;;;;;;;;;;
;;;;;;;;;;
;;;;;;;;;;
;;;;;;;;;;
;;;;;;;;;;
;;;;;;;;;;
;;;;;;;;;;
;;;;;;;;;;
;;;;;;;;;;
;;;;;;;;;;
;;;;;;;;;;
;;;;;;;;;;
;;;;;;;;;;
;;;;;;;;;;
;;;;;;;;;;
;;;;;;;;;;
;;;;;;;;;;
;;;;;;;;;;
;;;;;;;;;;
;;;;;;;;;;
;;;;;;;;;;
;;;;;;;;;;
;;;;;;;;;;
;;;;;;;;;;
;;;;;;;;;;
;;;;;;;;;;
;;;;;;;;;;
;;;;;;;;;;
;;;;;;;;;;
;;;;;;;;;;
;;;;;;;;;;
;;;;;;;;;;
;;;;;;;;;;
;;;;;;;;;;
;;;;;;;;;;
;;;;;;;;;;
;;;;;;;;;;
;;;;;;;;;;
;;;;;;;;;;
;;;;;;;;;;
;;;;;;;;;;
;;;;;;;;;;
;;;;;;;;;;
;;;;;;;;;;
;;;;;;;;;;
;;;;;;;;;;
;;;;;;;;;;
;;;;;;;;;;
;;;;;;;;;;
;;;;;;;;;;
;;;;;;;;;;
;;;;;;;;;;
;;;;;;;;;;
;;;;;;;;;;
;;;;;;;;;;
;;;;;;;;;;
;;;;;;;;;;
;;;;;;;;;;
;;;;;;;;;;
;;;;;;;;;;
;;;;;;;;;;
;;;;;;;;;;
;;;;;;;;;;
;;;;;;;;;;
;;;;;;;;;;
;;;;;;;;;;
;;;;;;;;;;
;;;;;;;;;;
;;;;;;;;;;
;;;;;;;;;;
;;;;;;;;;;
;;;;;;;;;;
;;;;;;;;;;
;;;;;;;;;;
;;;;;;;;;;
;;;;;;;;;;
;;;;;;;;;;
;;;;;;;;;;
;;;;;;;;;;
;;;;;;;;;;
;;;;;;;;;;
;;;;;;;;;;
;;;;;;;;;;
;;;;;;;;;;
;;;;;;;;;;
;;;;;;;;;;
;;;;;;;;;;
;;;;;;;;;;
;;;;;;;;;;
;;;;;;;;;;
;;;;;;;;;;
;;;;;;;;;;
;;;;;;;;;;
;;;;;;;;;;
;;;;;;;;;;
;;;;;;;;;;
;;;;;;;;;;
;;;;;;;;;;
;;;;;;;;;;
;;;;;;;;;;
;;;;;;;;;;
;;;;;;;;;;
;;;;;;;;;;
;;;;;;;;;;
;;;;;;;;;;
;;;;;;;;;;
;;;;;;;;;;
;;;;;;;;;;
;;;;;;;;;;
;;;;;;;;;;
;;;;;;;;;;
;;;;;;;;;;
;;;;;;;;;;
;;;;;;;;;;
;;;;;;;;;;
;;;;;;;;;;
;;;;;;;;;;
;;;;;;;;;;
;;;;;;;;;;
;;;;;;;;;;
;;;;;;;;;;
;;;;;;;;;;
;;;;;;;;;;
;;;;;;;;;;
;;;;;;;;;;
;;;;;;;;;;
;;;;;;;;;;
;;;;;;;;;;
;;;;;;;;;;
;;;;;;;;;;
;;;;;;;;;;
;;;;;;;;;;
;;;;;;;;;;
;;;;;;;;;;
;;;;;;;;;;
;;;;;;;;;;
;;;;;;;;;;
;;;;;;;;;;
;;;;;;;;;;
;;;;;;;;;;
;;;;;;;;;;
;;;;;;;;;;
;;;;;;;;;;
;;;;;;;;;;
;;;;;;;;;;
;;;;;;;;;;
;;;;;;;;;;
;;;;;;;;;;
;;;;;;;;;;
;;;;;;;;;;
;;;;;;;;;;
;;;;;;;;;;
;;;;;;;;;;
;;;;;;;;;;
;;;;;;;;;;
;;;;;;;;;;
;;;;;;;;;;
;;;;;;;;;;
;;;;;;;;;;
;;;;;;;;;;
;;;;;;;;;;
;;;;;;;;;;
;;;;;;;;;;
;;;;;;;;;;
;;;;;;;;;;
;;;;;;;;;;
;;;;;;;;;;
;;;;;;;;;;
;;;;;;;;;;
;;;;;;;;;;
;;;;;;;;;;
;;;;;;;;;;
;;;;;;;;;;
;;;;;;;;;;
;;;;;;;;;;
;;;;;;;;;;
;;;;;;;;;;
;;;;;;;;;;
;;;;;;;;;;
;;;;;;;;;;
;;;;;;;;;;
;;;;;;;;;;
;;;;;;;;;;
;;;;;;;;;;
;;;;;;;;;;
;;;;;;;;;;
;;;;;;;;;;
;;;;;;;;;;
;;;;;;;;;;
;;;;;;;;;;
;;;;;;;;;;
;;;;;;;;;;
;;;;;;;;;;
;;;;;;;;;;
;;;;;;;;;;
;;;;;;;;;;
;;;;;;;;;;
;;;;;;;;;;
;;;;;;;;;;
;;;;;;;;;;
;;;;;;;;;;
;;;;;;;;;;
;;;;;;;;;;
;;;;;;;;;;
;;;;;;;;;;
;;;;;;;;;;
;;;;;;;;;;
;;;;;;;;;;
;;;;;;;;;;
;;;;;;;;;;
;;;;;;;;;;
;;;;;;;;;;
;;;;;;;;;;
;;;;;;;;;;
;;;;;;;;;;
;;;;;;;;;;
;;;;;;;;;;
;;;;;;;;;;
;;;;;;;;;;
;;;;;;;;;;
;;;;;;;;;;
;;;;;;;;;;
;;;;;;;;;;
;;;;;;;;;;
;;;;;;;;;;
;;;;;;;;;;
;;;;;;;;;;
;;;;;;;;;;
;;;;;;;;;;
;;;;;;;;;;
;;;;;;;;;;
;;;;;;;;;;
;;;;;;;;;;
;;;;;;;;;;
;;;;;;;;;;
;;;;;;;;;;
;;;;;;;;;;
;;;;;;;;;;
;;;;;;;;;;
;;;;;;;;;;
;;;;;;;;;;
;;;;;;;;;;
;;;;;;;;;;
;;;;;;;;;;
;;;;;;;;;;
;;;;;;;;;;
;;;;;;;;;;
;;;;;;;;;;
;;;;;;;;;;
;;;;;;;;;;
;;;;;;;;;;
;;;;;;;;;;
;;;;;;;;;;
;;;;;;;;;;
;;;;;;;;;;
;;;;;;;;;;
;;;;;;;;;;
;;;;;;;;;;
;;;;;;;;;;
;;;;;;;;;;
;;;;;;;;;;
;;;;;;;;;;
;;;;;;;;;;
;;;;;;;;;;
;;;;;;;;;;
;;;;;;;;;;
;;;;;;;;;;
;;;;;;;;;;
;;;;;;;;;;
;;;;;;;;;;
;;;;;;;;;;
;;;;;;;;;;
;;;;;;;;;;
;;;;;;;;;;
;;;;;;;;;;
;;;;;;;;;;
;;;;;;;;;;
;;;;;;;;;;
;;;;;;;;;;
;;;;;;;;;;
;;;;;;;;;;
;;;;;;;;;;
;;;;;;;;;;
;;;;;;;;;;
;;;;;;;;;;
;;;;;;;;;;
;;;;;;;;;;
;;;;;;;;;;
;;;;;;;;;;
;;;;;;;;;;
;;;;;;;;;;
;;;;;;;;;;
;;;;;;;;;;
;;;;;;;;;;
;;;;;;;;;;
;;;;;;;;;;
;;;;;;;;;;
;;;;;;;;;;
;;;;;;;;;;
;;;;;;;;;;
;;;;;;;;;;
;;;;;;;;;;
;;;;;;;;;;
;;;;;;;;;;
;;;;;;;;;;
;;;;;;;;;;
;;;;;;;;;;
;;;;;;;;;;
;;;;;;;;;;
;;;;;;;;;;
;;;;;;;;;;
;;;;;;;;;;
;;;;;;;;;;
;;;;;;;;;;
;;;;;;;;;;
;;;;;;;;;;
;;;;;;;;;;
;;;;;;;;;;
;;;;;;;;;;
;;;;;;;;;;
;;;;;;;;;;
;;;;;;;;;;
;;;;;;;;;;
;;;;;;;;;;
;;;;;;;;;;
;;;;;;;;;;
;;;;;;;;;;
;;;;;;;;;;
;;;;;;;;;;
;;;;;;;;;;
;;;;;;;;;;
;;;;;;;;;;
;;;;;;;;;;
;;;;;;;;;;
;;;;;;;;;;
;;;;;;;;;;
;;;;;;;;;;
;;;;;;;;;;
;;;;;;;;;;
;;;;;;;;;;
;;;;;;;;;;
;;;;;;;;;;
;;;;;;;;;;
;;;;;;;;;;
;;;;;;;;;;
;;;;;;;;;;
;;;;;;;;;;
;;;;;;;;;;
;;;;;;;;;;
;;;;;;;;;;
;;;;;;;;;;
;;;;;;;;;;
;;;;;;;;;;
;;;;;;;;;;
;;;;;;;;;;
;;;;;;;;;;
;;;;;;;;;;
;;;;;;;;;;
;;;;;;;;;;
;;;;;;;;;;
;;;;;;;;;;
;;;;;;;;;;
;;;;;;;;;;
;;;;;;;;;;
;;;;;;;;;;
;;;;;;;;;;
;;;;;;;;;;
;;;;;;;;;;
;;;;;;;;;;
;;;;;;;;;;
;;;;;;;;;;
;;;;;;;;;;
;;;;;;;;;;
;;;;;;;;;;
;;;;;;;;;;
;;;;;;;;;;
;;;;;;;;;;
;;;;;;;;;;
;;;;;;;;;;
;;;;;;;;;;
;;;;;;;;;;
;;;;;;;;;;
;;;;;;;;;;
;;;;;;;;;;
;;;;;;;;;;
;;;;;;;;;;
;;;;;;;;;;
;;;;;;;;;;
;;;;;;;;;;
;;;;;;;;;;
;;;;;;;;;;
;;;;;;;;;;
;;;;;;;;;;
;;;;;;;;;;
;;;;;;;;;;
;;;;;;;;;;
;;;;;;;;;;
;;;;;;;;;;
;;;;;;;;;;
;;;;;;;;;;
;;;;;;;;;;
;;;;;;;;;;
;;;;;;;;;;
;;;;;;;;;;
;;;;;;;;;;
;;;;;;;;;;
;;;;;;;;;;
;;;;;;;;;;
;;;;;;;;;;
;;;;;;;;;;
;;;;;;;;;;
;;;;;;;;;;
;;;;;;;;;;
;;;;;;;;;;
;;;;;;;;;;
;;;;;;;;;;
;;;;;;;;;;
;;;;;;;;;;
;;;;;;;;;;
;;;;;;;;;;
;;;;;;;;;;
;;;;;;;;;;
;;;;;;;;;;
;;;;;;;;;;
;;;;;;;;;;
;;;;;;;;;;
;;;;;;;;;;
;;;;;;;;;;
;;;;;;;;;;
;;;;;;;;;;
;;;;;;;;;;
;;;;;;;;;;
;;;;;;;;;;
;;;;;;;;;;
;;;;;;;;;;
;;;;;;;;;;
;;;;;;;;;;
;;;;;;;;;;
;;;;;;;;;;
;;;;;;;;;;
;;;;;;;;;;
;;;;;;;;;;
;;;;;;;;;;
;;;;;;;;;;
;;;;;;;;;;
;;;;;;;;;;
;;;;;;;;;;
;;;;;;;;;;
;;;;;;;;;;
;;;;;;;;;;
;;;;;;;;;;
;;;;;;;;;;
;;;;;;;;;;
;;;;;;;;;;
;;;;;;;;;;
;;;;;;;;;;
;;;;;;;;;;
;;;;;;;;;;
;;;;;;;;;;
;;;;;;;;;;
;;;;;;;;;;
;;;;;;;;;;
;;;;;;;;;;
;;;;;;;;;;
;;;;;;;;;;
;;;;;;;;;;
;;;;;;;;;;
;;;;;;;;;;
;;;;;;;;;;
;;;;;;;;;;
;;;;;;;;;;
;;;;;;;;;;
;;;;;;;;;;
;;;;;;;;;;
;;;;;;;;;;
;;;;;;;;;;
;;;;;;;;;;
;;;;;;;;;;
;;;;;;;;;;
;;;;;;;;;;
;;;;;;;;;;
;;;;;;;;;;
;;;;;;;;;;
;;;;;;;;;;
;;;;;;;;;;
;;;;;;;;;;
;;;;;;;;;;
;;;;;;;;;;
;;;;;;;;;;
;;;;;;;;;;
;;;;;;;;;;
;;;;;;;;;;
;;;;;;;;;;
;;;;;;;;;;
;;;;;;;;;;
;;;;;;;;;;
;;;;;;;;;;
;;;;;;;;;;
;;;;;;;;;;
;;;;;;;;;;
;;;;;;;;;;
;;;;;;;;;;
;;;;;;;;;;
;;;;;;;;;;
;;;;;;;;;;
;;;;;;;;;;
;;;;;;;;;;
;;;;;;;;;;
;;;;;;;;;;
;;;;;;;;;;
;;;;;;;;;;
;;;;;;;;;;
;;;;;;;;;;
;;;;;;;;;;
;;;;;;;;;;
;;;;;;;;;;
;;;;;;;;;;
;;;;;;;;;;
;;;;;;;;;;
;;;;;;;;;;
;;;;;;;;;;
;;;;;;;;;;
;;;;;;;;;;
;;;;;;;;;;
;;;;;;;;;;
;;;;;;;;;;
;;;;;;;;;;
;;;;;;;;;;
;;;;;;;;;;
;;;;;;;;;;
;;;;;;;;;;
;;;;;;;;;;
;;;;;;;;;;
;;;;;;;;;;
;;;;;;;;;;
;;;;;;;;;;
;;;;;;;;;;
;;;;;;;;;;
;;;;;;;;;;
;;;;;;;;;;
;;;;;;;;;;
;;;;;;;;;;
;;;;;;;;;;
;;;;;;;;;;
;;;;;;;;;;
;;;;;;;;;;
;;;;;;;;;;
;;;;;;;;;;
;;;;;;;;;;
;;;;;;;;;;
;;;;;;;;;;
;;;;;;;;;;
;;;;;;;;;;
;;;;;;;;;;
;;;;;;;;;;
;;;;;;;;;;
;;;;;;;;;;
;;;;;;;;;;
;;;;;;;;;;
;;;;;;;;;;
;;;;;;;;;;
;;;;;;;;;;
;;;;;;;;;;
;;;;;;;;;;
;;;;;;;;;;
;;;;;;;;;;
;;;;;;;;;;
;;;;;;;;;;
;;;;;;;;;;
;;;;;;;;;;
;;;;;;;;;;
;;;;;;;;;;
;;;;;;;;;;
;;;;;;;;;;
;;;;;;;;;;
;;;;;;;;;;
;;;;;;;;;;
;;;;;;;;;;
;;;;;;;;;;
;;;;;;;;;;
;;;;;;;;;;
;;;;;;;;;;
;;;;;;;;;;
;;;;;;;;;;
;;;;;;;;;;
;;;;;;;;;;
;;;;;;;;;;
;;;;;;;;;;
;;;;;;;;;;
;;;;;;;;;;
;;;;;;;;;;
;;;;;;;;;;
;;;;;;;;;;
;;;;;;;;;;
;;;;;;;;;;
;;;;;;;;;;
;;;;;;;;;;
;;;;;;;;;;
;;;;;;;;;;
;;;;;;;;;;
;;;;;;;;;;
;;;;;;;;;;
;;;;;;;;;;
;;;;;;;;;;
;;;;;;;;;;
;;;;;;;;;;
;;;;;;;;;;
;;;;;;;;;;
;;;;;;;;;;
;;;;;;;;;;
;;;;;;;;;;
;;;;;;;;;;
;;;;;;;;;;
;;;;;;;;;;
;;;;;;;;;;
;;;;;;;;;;
;;;;;;;;;;
;;;;;;;;;;
;;;;;;;;;;
;;;;;;;;;;
;;;;;;;;;;
;;;;;;;;;;
;;;;;;;;;;
;;;;;;;;;;
;;;;;;;;;;
;;;;;;;;;;
;;;;;;;;;;
;;;;;;;;;;
;;;;;;;;;;
;;;;;;;;;;
;;;;;;;;;;
;;;;;;;;;;
;;;;;;;;;;
;;;;;;;;;;
;;;;;;;;;;
;;;;;;;;;;
;;;;;;;;;;
;;;;;;;;;;
;;;;;;;;;;
;;;;;;;;;;
;;;;;;;;;;
;;;;;;;;;;
;;;;;;;;;;
;;;;;;;;;;
;;;;;;;;;;
;;;;;;;;;;
;;;;;;;;;;
;;;;;;;;;;
;;;;;;;;;;
;;;;;;;;;;
;;;;;;;;;;
;;;;;;;;;;
;;;;;;;;;;
;;;;;;;;;;
;;;;;;;;;;
;;;;;;;;;;
;;;;;;;;;;
;;;;;;;;;;
;;;;;;;;;;
;;;;;;;;;;
;;;;;;;;;;
;;;;;;;;;;
;;;;;;;;;;
;;;;;;;;;;
;;;;;;;;;;
;;;;;;;;;;
;;;;;;;;;;
;;;;;;;;;;
;;;;;;;;;;
;;;;;;;;;;
;;;;;;;;;;
;;;;;;;;;;
;;;;;;;;;;
;;;;;;;;;;
;;;;;;;;;;
;;;;;;;;;;
;;;;;;;;;;
;;;;;;;;;;
;;;;;;;;;;
;;;;;;;;;;
;;;;;;;;;;
;;;;;;;;;;
;;;;;;;;;;
;;;;;;;;;;
;;;;;;;;;;
;;;;;;;;;;
;;;;;;;;;;
;;;;;;;;;;
;;;;;;;;;;
;;;;;;;;;;
;;;;;;;;;;
;;;;;;;;;;
;;;;;;;;;;
;;;;;;;;;;
;;;;;;;;;;
;;;;;;;;;;
;;;;;;;;;;
;;;;;;;;;;
;;;;;;;;;;
;;;;;;;;;;
;;;;;;;;;;
;;;;;;;;;;
;;;;;;;;;;
;;;;;;;;;;
;;;;;;;;;;
;;;;;;;;;;
;;;;;;;;;;
;;;;;;;;;;
;;;;;;;;;;
;;;;;;;;;;
;;;;;;;;;;
;;;;;;;;;;
;;;;;;;;;;
;;;;;;;;;;
;;;;;;;;;;
;;;;;;;;;;
;;;;;;;;;;
;;;;;;;;;;
;;;;;;;;;;
;;;;;;;;;;
;;;;;;;;;;
;;;;;;;;;;
;;;;;;;;;;
;;;;;;;;;;
;;;;;;;;;;
;;;;;;;;;;
;;;;;;;;;;
;;;;;;;;;;
;;;;;;;;;;
;;;;;;;;;;
;;;;;;;;;;
;;;;;;;;;;
;;;;;;;;;;
;;;;;;;;;;
;;;;;;;;;;
;;;;;;;;;;
;;;;;;;;;;
;;;;;;;;;;
;;;;;;;;;;
;;;;;;;;;;
;;;;;;;;;;
;;;;;;;;;;
;;;;;;;;;;
;;;;;;;;;;
;;;;;;;;;;
;;;;;;;;;;
;;;;;;;;;;
;;;;;;;;;;
;;;;;;;;;;
;;;;;;;;;;
;;;;;;;;;;
;;;;;;;;;;
;;;;;;;;;;
;;;;;;;;;;
;;;;;;;;;;
;;;;;;;;;;
;;;;;;;;;;
;;;;;;;;;;
;;;;;;;;;;
;;;;;;;;;;
;;;;;;;;;;
;;;;;;;;;;
;;;;;;;;;;
;;;;;;;;;;
;;;;;;;;;;
;;;;;;;;;;
;;;;;;;;;;
;;;;;;;;;;
;;;;;;;;;;
;;;;;;;;;;
;;;;;;;;;;
;;;;;;;;;;
;;;;;;;;;;
;;;;;;;;;;
;;;;;;;;;;
;;;;;;;;;;
;;;;;;;;;;
;;;;;;;;;;
;;;;;;;;;;
;;;;;;;;;;
;;;;;;;;;;
;;;;;;;;;;
;;;;;;;;;;
;;;;;;;;;;
;;;;;;;;;;
;;;;;;;;;;
;;;;;;;;;;
;;;;;;;;;;
;;;;;;;;;;
;;;;;;;;;;
;;;;;;;;;;
;;;;;;;;;;
;;;;;;;;;;
;;;;;;;;;;
;;;;;;;;;;
;;;;;;;;;;
;;;;;;;;;;
;;;;;;;;;;
;;;;;;;;;;
;;;;;;;;;;
;;;;;;;;;;
;;;;;;;;;;
;;;;;;;;;;
;;;;;;;;;;
;;;;;;;;;;
;;;;;;;;;;
;;;;;;;;;;
;;;;;;;;;;
;;;;;;;;;;
;;;;;;;;;;
;;;;;;;;;;
;;;;;;;;;;
;;;;;;;;;;
;;;;;;;;;;
;;;;;;;;;;
;;;;;;;;;;
;;;;;;;;;;
;;;;;;;;;;
;;;;;;;;;;
;;;;;;;;;;
;;;;;;;;;;
;;;;;;;;;;
;;;;;;;;;;
;;;;;;;;;;
;;;;;;;;;;
;;;;;;;;;;
;;;;;;;;;;
;;;;;;;;;;
;;;;;;;;;;
;;;;;;;;;;
;;;;;;;;;;
;;;;;;;;;;
;;;;;;;;;;
;;;;;;;;;;
;;;;;;;;;;
;;;;;;;;;;
;;;;;;;;;;
;;;;;;;;;;
;;;;;;;;;;
;;;;;;;;;;
;;;;;;;;;;
;;;;;;;;;;
;;;;;;;;;;
;;;;;;;;;;
;;;;;;;;;;
;;;;;;;;;;
;;;;;;;;;;
;;;;;;;;;;
;;;;;;;;;;
;;;;;;;;;;
;;;;;;;;;;
;;;;;;;;;;
;;;;;;;;;;
;;;;;;;;;;
;;;;;;;;;;
;;;;;;;;;;
;;;;;;;;;;
;;;;;;;;;;
;;;;;;;;;;
;;;;;;;;;;
;;;;;;;;;;
;;;;;;;;;;
;;;;;;;;;;
;;;;;;;;;;
;;;;;;;;;;
;;;;;;;;;;
;;;;;;;;;;
;;;;;;;;;;
;;;;;;;;;;
;;;;;;;;;;
;;;;;;;;;;
;;;;;;;;;;
;;;;;;;;;;
;;;;;;;;;;
;;;;;;;;;;
;;;;;;;;;;
;;;;;;;;;;
;;;;;;;;;;
;;;;;;;;;;
;;;;;;;;;;
;;;;;;;;;;
;;;;;;;;;;
;;;;;;;;;;
;;;;;;;;;;
;;;;;;;;;;
;;;;;;;;;;
;;;;;;;;;;
;;;;;;;;;;
;;;;;;;;;;
;;;;;;;;;;
;;;;;;;;;;
;;;;;;;;;;
;;;;;;;;;;
;;;;;;;;;;
;;;;;;;;;;
;;;;;;;;;;
;;;;;;;;;;
;;;;;;;;;;
;;;;;;;;;;
;;;;;;;;;;
;;;;;;;;;;
;;;;;;;;;;
;;;;;;;;;;
;;;;;;;;;;
;;;;;;;;;;
;;;;;;;;;;
;;;;;;;;;;
;;;;;;;;;;
;;;;;;;;;;
;;;;;;;;;;
;;;;;;;;;;
;;;;;;;;;;
;;;;;;;;;;
;;;;;;;;;;
;;;;;;;;;;
;;;;;;;;;;
;;;;;;;;;;
;;;;;;;;;;
;;;;;;;;;;
;;;;;;;;;;
;;;;;;;;;;
;;;;;;;;;;
;;;;;;;;;;
;;;;;;;;;;
;;;;;;;;;;
;;;;;;;;;;
;;;;;;;;;;
;;;;;;;;;;
;;;;;;;;;;
;;;;;;;;;;
;;;;;;;;;;
;;;;;;;;;;
;;;;;;;;;;
;;;;;;;;;;
;;;;;;;;;;
;;;;;;;;;;
;;;;;;;;;;
;;;;;;;;;;
;;;;;;;;;;
;;;;;;;;;;
;;;;;;;;;;
;;;;;;;;;;
;;;;;;;;;;
;;;;;;;;;;
;;;;;;;;;;
;;;;;;;;;;
;;;;;;;;;;
;;;;;;;;;;
;;;;;;;;;;
;;;;;;;;;;
;;;;;;;;;;
;;;;;;;;;;
;;;;;;;;;;
;;;;;;;;;;
;;;;;;;;;;
;;;;;;;;;;
;;;;;;;;;;
;;;;;;;;;;
;;;;;;;;;;
;;;;;;;;;;
;;;;;;;;;;
;;;;;;;;;;
;;;;;;;;;;
;;;;;;;;;;
;;;;;;;;;;
;;;;;;;;;;
;;;;;;;;;;
;;;;;;;;;;
;;;;;;;;;;
;;;;;;;;;;
;;;;;;;;;;
;;;;;;;;;;
;;;;;;;;;;
;;;;;;;;;;
;;;;;;;;;;
;;;;;;;;;;
;;;;;;;;;;
;;;;;;;;;;
;;;;;;;;;;
;;;;;;;;;;
;;;;;;;;;;
;;;;;;;;;;
;;;;;;;;;;
;;;;;;;;;;
;;;;;;;;;;
;;;;;;;;;;
;;;;;;;;;;
;;;;;;;;;;
;;;;;;;;;;
;;;;;;;;;;
;;;;;;;;;;
;;;;;;;;;;
;;;;;;;;;;
;;;;;;;;;;
;;;;;;;;;;
;;;;;;;;;;
;;;;;;;;;;
;;;;;;;;;;
;;;;;;;;;;
;;;;;;;;;;
;;;;;;;;;;
;;;;;;;;;;
;;;;;;;;;;
;;;;;;;;;;
;;;;;;;;;;
;;;;;;;;;;
;;;;;;;;;;
;;;;;;;;;;
;;;;;;;;;;
;;;;;;;;;;
;;;;;;;;;;
;;;;;;;;;;
;;;;;;;;;;
;;;;;;;;;;
;;;;;;;;;;
;;;;;;;;;;
;;;;;;;;;;
;;;;;;;;;;
;;;;;;;;;;
;;;;;;;;;;
;;;;;;;;;;
;;;;;;;;;;
;;;;;;;;;;
;;;;;;;;;;
;;;;;;;;;;
;;;;;;;;;;
;;;;;;;;;;
;;;;;;;;;;
;;;;;;;;;;
;;;;;;;;;;
;;;;;;;;;;
;;;;;;;;;;
;;;;;;;;;;
;;;;;;;;;;
;;;;;;;;;;
;;;;;;;;;;
;;;;;;;;;;
;;;;;;;;;;
;;;;;;;;;;
;;;;;;;;;;
;;;;;;;;;;
;;;;;;;;;;
;;;;;;;;;;
;;;;;;;;;;
;;;;;;;;;;
;;;;;;;;;;
;;;;;;;;;;
;;;;;;;;;;
;;;;;;;;;;
;;;;;;;;;;
;;;;;;;;;;
;;;;;;;;;;
;;;;;;;;;;
;;;;;;;;;;
;;;;;;;;;;
;;;;;;;;;;
;;;;;;;;;;
;;;;;;;;;;
;;;;;;;;;;
;;;;;;;;;;
;;;;;;;;;;
;;;;;;;;;;
;;;;;;;;;;
;;;;;;;;;;
;;;;;;;;;;
;;;;;;;;;;
;;;;;;;;;;
;;;;;;;;;;
;;;;;;;;;;
;;;;;;;;;;
;;;;;;;;;;
;;;;;;;;;;
;;;;;;;;;;
;;;;;;;;;;
;;;;;;;;;;
;;;;;;;;;;
;;;;;;;;;;
;;;;;;;;;;
;;;;;;;;;;
;;;;;;;;;;
;;;;;;;;;;
;;;;;;;;;;
;;;;;;;;;;
;;;;;;;;;;
;;;;;;;;;;
;;;;;;;;;;
;;;;;;;;;;
;;;;;;;;;;
;;;;;;;;;;
;;;;;;;;;;
;;;;;;;;;;
;;;;;;;;;;
;;;;;;;;;;
;;;;;;;;;;
;;;;;;;;;;
;;;;;;;;;;
;;;;;;;;;;
;;;;;;;;;;
;;;;;;;;;;
;;;;;;;;;;
;;;;;;;;;;
;;;;;;;;;;
;;;;;;;;;;
;;;;;;;;;;
;;;;;;;;;;
;;;;;;;;;;
;;;;;;;;;;
;;;;;;;;;;
;;;;;;;;;;
;;;;;;;;;;
;;;;;;;;;;
;;;;;;;;;;
;;;;;;;;;;
;;;;;;;;;;
;;;;;;;;;;
;;;;;;;;;;
;;;;;;;;;;
;;;;;;;;;;
;;;;;;;;;;
;;;;;;;;;;
;;;;;;;;;;
;;;;;;;;;;
;;;;;;;;;;
;;;;;;;;;;
;;;;;;;;;;
;;;;;;;;;;
;;;;;;;;;;
;;;;;;;;;;
;;;;;;;;;;
;;;;;;;;;;
;;;;;;;;;;
;;;;;;;;;;
;;;;;;;;;;
;;;;;;;;;;
;;;;;;;;;;
;;;;;;;;;;
;;;;;;;;;;
;;;;;;;;;;
;;;;;;;;;;
;;;;;;;;;;
;;;;;;;;;;
;;;;;;;;;;
;;;;;;;;;;
;;;;;;;;;;
;;;;;;;;;;
;;;;;;;;;;
;;;;;;;;;;
;;;;;;;;;;
;;;;;;;;;;
;;;;;;;;;;
;;;;;;;;;;
;;;;;;;;;;
;;;;;;;;;;
;;;;;;;;;;
;;;;;;;;;;
;;;;;;;;;;
;;;;;;;;;;
;;;;;;;;;;
;;;;;;;;;;
;;;;;;;;;;
;;;;;;;;;;
;;;;;;;;;;
;;;;;;;;;;
;;;;;;;;;;
;;;;;;;;;;
;;;;;;;;;;
;;;;;;;;;;
;;;;;;;;;;
;;;;;;;;;;
;;;;;;;;;;
;;;;;;;;;;
;;;;;;;;;;
;;;;;;;;;;
;;;;;;;;;;
;;;;;;;;;;
;;;;;;;;;;
;;;;;;;;;;
;;;;;;;;;;
;;;;;;;;;;
;;;;;;;;;;
;;;;;;;;;;
;;;;;;;;;;
;;;;;;;;;;
;;;;;;;;;;
;;;;;;;;;;
;;;;;;;;;;
;;;;;;;;;;
;;;;;;;;;;
;;;;;;;;;;
;;;;;;;;;;
;;;;;;;;;;
;;;;;;;;;;
;;;;;;;;;;
;;;;;;;;;;
;;;;;;;;;;
;;;;;;;;;;
;;;;;;;;;;
;;;;;;;;;;
;;;;;;;;;;
;;;;;;;;;;
;;;;;;;;;;
;;;;;;;;;;
;;;;;;;;;;
;;;;;;;;;;
;;;;;;;;;;
;;;;;;;;;;
;;;;;;;;;;
;;;;;;;;;;
;;;;;;;;;;
;;;;;;;;;;
;;;;;;;;;;
;;;;;;;;;;
;;;;;;;;;;
;;;;;;;;;;
;;;;;;;;;;
;;;;;;;;;;
;;;;;;;;;;
;;;;;;;;;;
;;;;;;;;;;
;;;;;;;;;;
;;;;;;;;;;
;;;;;;;;;;
;;;;;;;;;;
;;;;;;;;;;
;;;;;;;;;;
;;;;;;;;;;
;;;;;;;;;;
;;;;;;;;;;
;;;;;;;;;;
;;;;;;;;;;
;;;;;;;;;;
;;;;;;;;;;
;;;;;;;;;;
;;;;;;;;;;
;;;;;;;;;;
;;;;;;;;;;
;;;;;;;;;;
;;;;;;;;;;
;;;;;;;;;;
;;;;;;;;;;
;;;;;;;;;;
;;;;;;;;;;
;;;;;;;;;;
;;;;;;;;;;
;;;;;;;;;;
;;;;;;;;;;
;;;;;;;;;;
;;;;;;;;;;
;;;;;;;;;;
;;;;;;;;;;
;;;;;;;;;;
;;;;;;;;;;
;;;;;;;;;;
;;;;;;;;;;
;;;;;;;;;;
;;;;;;;;;;
;;;;;;;;;;
;;;;;;;;;;
;;;;;;;;;;
;;;;;;;;;;
;;;;;;;;;;
;;;;;;;;;;
;;;;;;;;;;
;;;;;;;;;;
;;;;;;;;;;
;;;;;;;;;;
;;;;;;;;;;
;;;;;;;;;;
;;;;;;;;;;
;;;;;;;;;;
;;;;;;;;;;
;;;;;;;;;;
;;;;;;;;;;
;;;;;;;;;;
;;;;;;;;;;
;;;;;;;;;;
;;;;;;;;;;
;;;;;;;;;;
;;;;;;;;;;
;;;;;;;;;;
;;;;;;;;;;
;;;;;;;;;;
;;;;;;;;;;
;;;;;;;;;;
;;;;;;;;;;
;;;;;;;;;;
;;;;;;;;;;
;;;;;;;;;;
;;;;;;;;;;
;;;;;;;;;;
;;;;;;;;;;
;;;;;;;;;;
;;;;;;;;;;
;;;;;;;;;;
;;;;;;;;;;
;;;;;;;;;;
;;;;;;;;;;
;;;;;;;;;;
;;;;;;;;;;
;;;;;;;;;;
;;;;;;;;;;
;;;;;;;;;;
;;;;;;;;;;
;;;;;;;;;;
;;;;;;;;;;
;;;;;;;;;;
;;;;;;;;;;
;;;;;;;;;;
;;;;;;;;;;
;;;;;;;;;;
;;;;;;;;;;
;;;;;;;;;;
;;;;;;;;;;
;;;;;;;;;;
;;;;;;;;;;
;;;;;;;;;;
;;;;;;;;;;
;;;;;;;;;;
;;;;;;;;;;
;;;;;;;;;;
;;;;;;;;;;
;;;;;;;;;;
;;;;;;;;;;
;;;;;;;;;;
;;;;;;;;;;
;;;;;;;;;;
;;;;;;;;;;
;;;;;;;;;;
;;;;;;;;;;
;;;;;;;;;;
;;;;;;;;;;
;;;;;;;;;;
;;;;;;;;;;
;;;;;;;;;;
;;;;;;;;;;
;;;;;;;;;;
;;;;;;;;;;
;;;;;;;;;;
;;;;;;;;;;
;;;;;;;;;;
;;;;;;;;;;
;;;;;;;;;;
;;;;;;;;;;
;;;;;;;;;;
;;;;;;;;;;
;;;;;;;;;;
;;;;;;;;;;
;;;;;;;;;;
;;;;;;;;;;
;;;;;;;;;;
;;;;;;;;;;
;;;;;;;;;;
;;;;;;;;;;
;;;;;;;;;;
;;;;;;;;;;
;;;;;;;;;;
;;;;;;;;;;
;;;;;;;;;;
;;;;;;;;;;
;;;;;;;;;;
;;;;;;;;;;
;;;;;;;;;;
;;;;;;;;;;
;;;;;;;;;;
;;;;;;;;;;
;;;;;;;;;;
;;;;;;;;;;
;;;;;;;;;;
;;;;;;;;;;
;;;;;;;;;;
;;;;;;;;;;
;;;;;;;;;;
;;;;;;;;;;
;;;;;;;;;;
;;;;;;;;;;
;;;;;;;;;;
;;;;;;;;;;
;;;;;;;;;;
;;;;;;;;;;
;;;;;;;;;;
;;;;;;;;;;
;;;;;;;;;;
;;;;;;;;;;
;;;;;;;;;;
;;;;;;;;;;
;;;;;;;;;;
;;;;;;;;;;
;;;;;;;;;;
;;;;;;;;;;
;;;;;;;;;;
;;;;;;;;;;
;;;;;;;;;;
;;;;;;;;;;
;;;;;;;;;;
;;;;;;;;;;
;;;;;;;;;;
;;;;;;;;;;
;;;;;;;;;;
;;;;;;;;;;
;;;;;;;;;;
;;;;;;;;;;
;;;;;;;;;;
;;;;;;;;;;
;;;;;;;;;;
;;;;;;;;;;
;;;;;;;;;;
;;;;;;;;;;
;;;;;;;;;;
;;;;;;;;;;
;;;;;;;;;;
;;;;;;;;;;
;;;;;;;;;;
;;;;;;;;;;
;;;;;;;;;;
;;;;;;;;;;
;;;;;;;;;;
;;;;;;;;;;
;;;;;;;;;;
;;;;;;;;;;
;;;;;;;;;;
;;;;;;;;;;
;;;;;;;;;;
;;;;;;;;;;
;;;;;;;;;;
;;;;;;;;;;
;;;;;;;;;;
;;;;;;;;;;
;;;;;;;;;;
;;;;;;;;;;
;;;;;;;;;;
;;;;;;;;;;
;;;;;;;;;;
;;;;;;;;;;
;;;;;;;;;;
;;;;;;;;;;
;;;;;;;;;;
;;;;;;;;;;
;;;;;;;;;;
;;;;;;;;;;
;;;;;;;;;;
;;;;;;;;;;
;;;;;;;;;;
;;;;;;;;;;
;;;;;;;;;;
;;;;;;;;;;
;;;;;;;;;;
;;;;;;;;;;
;;;;;;;;;;
;;;;;;;;;;
;;;;;;;;;;
;;;;;;;;;;
;;;;;;;;;;
;;;;;;;;;;
;;;;;;;;;;
;;;;;;;;;;
;;;;;;;;;;
;;;;;;;;;;
;;;;;;;;;;
;;;;;;;;;;
;;;;;;;;;;
;;;;;;;;;;
;;;;;;;;;;
;;;;;;;;;;
;;;;;;;;;;
;;;;;;;;;;
;;;;;;;;;;
;;;;;;;;;;
;;;;;;;;;;
;;;;;;;;;;
;;;;;;;;;;
;;;;;;;;;;
;;;;;;;;;;
;;;;;;;;;;
;;;;;;;;;;
;;;;;;;;;;
;;;;;;;;;;
;;;;;;;;;;
;;;;;;;;;;
;;;;;;;;;;
;;;;;;;;;;
;;;;;;;;;;
;;;;;;;;;;
;;;;;;;;;;
;;;;;;;;;;
;;;;;;;;;;
;;;;;;;;;;
;;;;;;;;;;
;;;;;;;;;;
;;;;;;;;;;
;;;;;;;;;;
;;;;;;;;;;
;;;;;;;;;;
;;;;;;;;;;
;;;;;;;;;;
;;;;;;;;;;
;;;;;;;;;;
;;;;;;;;;;
;;;;;;;;;;
;;;;;;;;;;
;;;;;;;;;;
;;;;;;;;;;
;;;;;;;;;;
;;;;;;;;;;
;;;;;;;;;;
;;;;;;;;;;
;;;;;;;;;;
;;;;;;;;;;
;;;;;;;;;;
;;;;;;;;;;
;;;;;;;;;;
;;;;;;;;;;
;;;;;;;;;;
;;;;;;;;;;
;;;;;;;;;;
;;;;;;;;;;
;;;;;;;;;;
;;;;;;;;;;
;;;;;;;;;;
;;;;;;;;;;
;;;;;;;;;;
;;;;;;;;;;
;;;;;;;;;;
;;;;;;;;;;
;;;;;;;;;;
;;;;;;;;;;
;;;;;;;;;;
;;;;;;;;;;
;;;;;;;;;;
;;;;;;;;;;
;;;;;;;;;;
;;;;;;;;;;
;;;;;;;;;;
;;;;;;;;;;
;;;;;;;;;;
;;;;;;;;;;
;;;;;;;;;;
;;;;;;;;;;
;;;;;;;;;;
;;;;;;;;;;
;;;;;;;;;;
;;;;;;;;;;
;;;;;;;;;;
;;;;;;;;;;
;;;;;;;;;;
;;;;;;;;;;
;;;;;;;;;;
;;;;;;;;;;
;;;;;;;;;;
;;;;;;;;;;
;;;;;;;;;;
;;;;;;;;;;
;;;;;;;;;;
;;;;;;;;;;
;;;;;;;;;;
;;;;;;;;;;
;;;;;;;;;;
;;;;;;;;;;
;;;;;;;;;;
;;;;;;;;;;
;;;;;;;;;;
;;;;;;;;;;
;;;;;;;;;;
;;;;;;;;;;
;;;;;;;;;;
;;;;;;;;;;
;;;;;;;;;;
;;;;;;;;;;
;;;;;;;;;;
;;;;;;;;;;
;;;;;;;;;;
;;;;;;;;;;
;;;;;;;;;;
;;;;;;;;;;
;;;;;;;;;;
;;;;;;;;;;
;;;;;;;;;;
;;;;;;;;;;
;;;;;;;;;;
;;;;;;;;;;
;;;;;;;;;;
;;;;;;;;;;
;;;;;;;;;;
;;;;;;;;;;
;;;;;;;;;;
;;;;;;;;;;
;;;;;;;;;;
;;;;;;;;;;
;;;;;;;;;;
;;;;;;;;;;
;;;;;;;;;;
;;;;;;;;;;
;;;;;;;;;;
;;;;;;;;;;
;;;;;;;;;;
;;;;;;;;;;
;;;;;;;;;;
;;;;;;;;;;
;;;;;;;;;;
;;;;;;;;;;
;;;;;;;;;;
;;;;;;;;;;
;;;;;;;;;;
;;;;;;;;;;
;;;;;;;;;;
;;;;;;;;;;
;;;;;;;;;;
;;;;;;;;;;
;;;;;;;;;;
;;;;;;;;;;
;;;;;;;;;;
;;;;;;;;;;
;;;;;;;;;;
;;;;;;;;;;
;;;;;;;;;;
;;;;;;;;;;
;;;;;;;;;;
;;;;;;;;;;
;;;;;;;;;;
;;;;;;;;;;
;;;;;;;;;;
;;;;;;;;;;
;;;;;;;;;;
;;;;;;;;;;
;;;;;;;;;;
;;;;;;;;;;
;;;;;;;;;;
;;;;;;;;;;
;;;;;;;;;;
;;;;;;;;;;
;;;;;;;;;;
;;;;;;;;;;
;;;;;;;;;;
;;;;;;;;;;
;;;;;;;;;;
;;;;;;;;;;
;;;;;;;;;;
;;;;;;;;;;
;;;;;;;;;;
;;;;;;;;;;
;;;;;;;;;;
;;;;;;;;;;
;;;;;;;;;;
;;;;;;;;;;
;;;;;;;;;;
;;;;;;;;;;
;;;;;;;;;;
;;;;;;;;;;
;;;;;;;;;;
;;;;;;;;;;
;;;;;;;;;;
;;;;;;;;;;
;;;;;;;;;;
;;;;;;;;;;
;;;;;;;;;;
;;;;;;;;;;
;;;;;;;;;;
;;;;;;;;;;
;;;;;;;;;;
;;;;;;;;;;
;;;;;;;;;;
;;;;;;;;;;
;;;;;;;;;;
;;;;;;;;;;
;;;;;;;;;;
;;;;;;;;;;
;;;;;;;;;;
;;;;;;;;;;
;;;;;;;;;;
;;;;;;;;;;
;;;;;;;;;;
;;;;;;;;;;
;;;;;;;;;;
;;;;;;;;;;
;;;;;;;;;;
;;;;;;;;;;
;;;;;;;;;;
;;;;;;;;;;
;;;;;;;;;;
;;;;;;;;;;
;;;;;;;;;;
;;;;;;;;;;
;;;;;;;;;;
;;;;;;;;;;
;;;;;;;;;;
;;;;;;;;;;
;;;;;;;;;;
;;;;;;;;;;
;;;;;;;;;;
;;;;;;;;;;
;;;;;;;;;;
;;;;;;;;;;
;;;;;;;;;;
;;;;;;;;;;
;;;;;;;;;;
;;;;;;;;;;
;;;;;;;;;;
;;;;;;;;;;
;;;;;;;;;;
;;;;;;;;;;
;;;;;;;;;;
;;;;;;;;;;
;;;;;;;;;;
;;;;;;;;;;
;;;;;;;;;;
;;;;;;;;;;
;;;;;;;;;;
;;;;;;;;;;
;;;;;;;;;;
;;;;;;;;;;
;;;;;;;;;;
;;;;;;;;;;
;;;;;;;;;;
;;;;;;;;;;
;;;;;;;;;;
;;;;;;;;;;
;;;;;;;;;;
;;;;;;;;;;
;;;;;;;;;;
;;;;;;;;;;
;;;;;;;;;;
;;;;;;;;;;
;;;;;;;;;;
;;;;;;;;;;
;;;;;;;;;;
;;;;;;;;;;
;;;;;;;;;;
;;;;;;;;;;
;;;;;;;;;;
;;;;;;;;;;
;;;;;;;;;;
;;;;;;;;;;
;;;;;;;;;;
;;;;;;;;;;
;;;;;;;;;;
;;;;;;;;;;
;;;;;;;;;;
;;;;;;;;;;
;;;;;;;;;;
;;;;;;;;;;
;;;;;;;;;;
;;;;;;;;;;
;;;;;;;;;;
;;;;;;;;;;
;;;;;;;;;;
;;;;;;;;;;
;;;;;;;;;;
;;;;;;;;;;
;;;;;;;;;;
;;;;;;;;;;
;;;;;;;;;;
;;;;;;;;;;
;;;;;;;;;;
;;;;;;;;;;
;;;;;;;;;;
;;;;;;;;;;
;;;;;;;;;;
;;;;;;;;;;
;;;;;;;;;;
;;;;;;;;;;
;;;;;;;;;;
;;;;;;;;;;
;;;;;;;;;;
;;;;;;;;;;
;;;;;;;;;;
;;;;;;;;;;
;;;;;;;;;;
;;;;;;;;;;
;;;;;;;;;;
;;;;;;;;;;
;;;;;;;;;;
;;;;;;;;;;
;;;;;;;;;;
;;;;;;;;;;
;;;;;;;;;;
;;;;;;;;;;
;;;;;;;;;;
;;;;;;;;;;
;;;;;;;;;;
;;;;;;;;;;
;;;;;;;;;;
;;;;;;;;;;
;;;;;;;;;;
;;;;;;;;;;
;;;;;;;;;;
;;;;;;;;;;
;;;;;;;;;;
;;;;;;;;;;
;;;;;;;;;;
;;;;;;;;;;
;;;;;;;;;;
;;;;;;;;;;
;;;;;;;;;;
;;;;;;;;;;
;;;;;;;;;;
;;;;;;;;;;
;;;;;;;;;;
;;;;;;;;;;
;;;;;;;;;;
;;;;;;;;;;
;;;;;;;;;;
;;;;;;;;;;
;;;;;;;;;;
;;;;;;;;;;
;;;;;;;;;;
;;;;;;;;;;
;;;;;;;;;;
;;;;;;;;;;
;;;;;;;;;;
;;;;;;;;;;
;;;;;;;;;;
;;;;;;;;;;
;;;;;;;;;;
;;;;;;;;;;
;;;;;;;;;;
;;;;;;;;;;
;;;;;;;;;;
;;;;;;;;;;
;;;;;;;;;;
;;;;;;;;;;
;;;;;;;;;;
;;;;;;;;;;
;;;;;;;;;;
;;;;;;;;;;
;;;;;;;;;;
;;;;;;;;;;
;;;;;;;;;;
;;;;;;;;;;
;;;;;;;;;;
;;;;;;;;;;
;;;;;;;;;;
;;;;;;;;;;
;;;;;;;;;;
;;;;;;;;;;
;;;;;;;;;;
;;;;;;;;;;
;;;;;;;;;;
;;;;;;;;;;
;;;;;;;;;;
;;;;;;;;;;
;;;;;;;;;;
;;;;;;;;;;
;;;;;;;;;;
;;;;;;;;;;
;;;;;;;;;;
;;;;;;;;;;
;;;;;;;;;;
;;;;;;;;;;
;;;;;;;;;;
;;;;;;;;;;
;;;;;;;;;;
;;;;;;;;;;
;;;;;;;;;;
;;;;;;;;;;
;;;;;;;;;;
;;;;;;;;;;
;;;;;;;;;;
;;;;;;;;;;
;;;;;;;;;;
;;;;;;;;;;
;;;;;;;;;;
;;;;;;;;;;
;;;;;;;;;;
;;;;;;;;;;
;;;;;;;;;;
;;;;;;;;;;
;;;;;;;;;;
;;;;;;;;;;
;;;;;;;;;;
;;;;;;;;;;
;;;;;;;;;;
;;;;;;;;;;
;;;;;;;;;;
;;;;;;;;;;
;;;;;;;;;;
;;;;;;;;;;
;;;;;;;;;;
;;;;;;;;;;
;;;;;;;;;;
;;;;;;;;;;
;;;;;;;;;;
;;;;;;;;;;
;;;;;;;;;;
;;;;;;;;;;
;;;;;;;;;;
;;;;;;;;;;
;;;;;;;;;;
;;;;;;;;;;
;;;;;;;;;;
;;;;;;;;;;
;;;;;;;;;;
;;;;;;;;;;
;;;;;;;;;;
;;;;;;;;;;
;;;;;;;;;;
;;;;;;;;;;
;;;;;;;;;;
;;;;;;;;;;
;;;;;;;;;;
;;;;;;;;;;
;;;;;;;;;;
;;;;;;;;;;
;;;;;;;;;;
;;;;;;;;;;
;;;;;;;;;;
;;;;;;;;;;
;;;;;;;;;;
;;;;;;;;;;
;;;;;;;;;;
;;;;;;;;;;
;;;;;;;;;;
;;;;;;;;;;
;;;;;;;;;;
;;;;;;;;;;
;;;;;;;;;;
;;;;;;;;;;
;;;;;;;;;;
;;;;;;;;;;
;;;;;;;;;;
;;;;;;;;;;
;;;;;;;;;;
;;;;;;;;;;
;;;;;;;;;;
;;;;;;;;;;
;;;;;;;;;;
;;;;;;;;;;
;;;;;;;;;;
;;;;;;;;;;
;;;;;;;;;;
;;;;;;;;;;
;;;;;;;;;;
;;;;;;;;;;
;;;;;;;;;;
;;;;;;;;;;
;;;;;;;;;;
;;;;;;;;;;
;;;;;;;;;;
;;;;;;;;;;
;;;;;;;;;;
;;;;;;;;;;
;;;;;;;;;;
;;;;;;;;;;
;;;;;;;;;;
;;;;;;;;;;
;;;;;;;;;;
;;;;;;;;;;
;;;;;;;;;;
;;;;;;;;;;
;;;;;;;;;;
;;;;;;;;;;
;;;;;;;;;;
;;;;;;;;;;
;;;;;;;;;;
;;;;;;;;;;
;;;;;;;;;;
;;;;;;;;;;
;;;;;;;;;;
;;;;;;;;;;
;;;;;;;;;;
;;;;;;;;;;
;;;;;;;;;;
;;;;;;;;;;
;;;;;;;;;;
;;;;;;;;;;
;;;;;;;;;;
;;;;;;;;;;
;;;;;;;;;;
;;;;;;;;;;
;;;;;;;;;;
;;;;;;;;;;
;;;;;;;;;;
;;;;;;;;;;
;;;;;;;;;;
;;;;;;;;;;
;;;;;;;;;;
;;;;;;;;;;
;;;;;;;;;;
;;;;;;;;;;
;;;;;;;;;;
;;;;;;;;;;
;;;;;;;;;;
;;;;;;;;;;
;;;;;;;;;;
;;;;;;;;;;
;;;;;;;;;;
;;;;;;;;;;
;;;;;;;;;;
;;;;;;;;;;
;;;;;;;;;;
;;;;;;;;;;
;;;;;;;;;;
;;;;;;;;;;
;;;;;;;;;;
;;;;;;;;;;
;;;;;;;;;;
;;;;;;;;;;
;;;;;;;;;;
;;;;;;;;;;
;;;;;;;;;;
;;;;;;;;;;
;;;;;;;;;;
;;;;;;;;;;
;;;;;;;;;;
;;;;;;;;;;
;;;;;;;;;;
;;;;;;;;;;
;;;;;;;;;;
;;;;;;;;;;
;;;;;;;;;;
;;;;;;;;;;
;;;;;;;;;;
;;;;;;;;;;
;;;;;;;;;;
;;;;;;;;;;
;;;;;;;;;;
;;;;;;;;;;
;;;;;;;;;;
;;;;;;;;;;
;;;;;;;;;;
;;;;;;;;;;
;;;;;;;;;;
;;;;;;;;;;
;;;;;;;;;;
;;;;;;;;;;
;;;;;;;;;;
;;;;;;;;;;
;;;;;;;;;;
;;;;;;;;;;
;;;;;;;;;;
;;;;;;;;;;
;;;;;;;;;;
;;;;;;;;;;
;;;;;;;;;;
;;;;;;;;;;
;;;;;;;;;;
;;;;;;;;;;
;;;;;;;;;;
;;;;;;;;;;
;;;;;;;;;;
;;;;;;;;;;
;;;;;;;;;;
;;;;;;;;;;
;;;;;;;;;;
;;;;;;;;;;
;;;;;;;;;;
;;;;;;;;;;
;;;;;;;;;;
;;;;;;;;;;
;;;;;;;;;;
;;;;;;;;;;
;;;;;;;;;;
;;;;;;;;;;
;;;;;;;;;;
;;;;;;;;;;
;;;;;;;;;;
;;;;;;;;;;
;;;;;;;;;;
;;;;;;;;;;
;;;;;;;;;;
;;;;;;;;;;
;;;;;;;;;;
;;;;;;;;;;
;;;;;;;;;;
;;;;;;;;;;
;;;;;;;;;;
;;;;;;;;;;
;;;;;;;;;;
;;;;;;;;;;
;;;;;;;;;;
;;;;;;;;;;
;;;;;;;;;;
;;;;;;;;;;
;;;;;;;;;;
;;;;;;;;;;
;;;;;;;;;;
;;;;;;;;;;
;;;;;;;;;;
;;;;;;;;;;
;;;;;;;;;;
;;;;;;;;;;
;;;;;;;;;;
;;;;;;;;;;
;;;;;;;;;;
;;;;;;;;;;
;;;;;;;;;;
;;;;;;;;;;
;;;;;;;;;;
;;;;;;;;;;
;;;;;;;;;;
;;;;;;;;;;
;;;;;;;;;;
;;;;;;;;;;
;;;;;;;;;;
;;;;;;;;;;
;;;;;;;;;;
;;;;;;;;;;
;;;;;;;;;;
;;;;;;;;;;
;;;;;;;;;;
;;;;;;;;;;
;;;;;;;;;;
;;;;;;;;;;
;;;;;;;;;;
;;;;;;;;;;
;;;;;;;;;;
;;;;;;;;;;
;;;;;;;;;;
;;;;;;;;;;
;;;;;;;;;;
;;;;;;;;;;
;;;;;;;;;;
;;;;;;;;;;
;;;;;;;;;;
;;;;;;;;;;
;;;;;;;;;;
;;;;;;;;;;
;;;;;;;;;;
;;;;;;;;;;
;;;;;;;;;;
;;;;;;;;;;
;;;;;;;;;;
;;;;;;;;;;
;;;;;;;;;;
;;;;;;;;;;
;;;;;;;;;;
;;;;;;;;;;
;;;;;;;;;;
;;;;;;;;;;
;;;;;;;;;;
;;;;;;;;;;
;;;;;;;;;;
;;;;;;;;;;
;;;;;;;;;;
;;;;;;;;;;
;;;;;;;;;;
;;;;;;;;;;
;;;;;;;;;;
;;;;;;;;;;
;;;;;;;;;;
;;;;;;;;;;
;;;;;;;;;;
;;;;;;;;;;
;;;;;;;;;;
;;;;;;;;;;
;;;;;;;;;;
;;;;;;;;;;
;;;;;;;;;;
;;;;;;;;;;
;;;;;;;;;;
;;;;;;;;;;
;;;;;;;;;;
;;;;;;;;;;
;;;;;;;;;;
;;;;;;;;;;
;;;;;;;;;;
;;;;;;;;;;
;;;;;;;;;;
;;;;;;;;;;
;;;;;;;;;;
;;;;;;;;;;
;;;;;;;;;;
;;;;;;;;;;
;;;;;;;;;;
;;;;;;;;;;
;;;;;;;;;;
;;;;;;;;;;
;;;;;;;;;;
;;;;;;;;;;
;;;;;;;;;;
;;;;;;;;;;
;;;;;;;;;;
;;;;;;;;;;
;;;;;;;;;;
;;;;;;;;;;
;;;;;;;;;;
;;;;;;;;;;
;;;;;;;;;;
;;;;;;;;;;
;;;;;;;;;;
;;;;;;;;;;
;;;;;;;;;;
;;;;;;;;;;
;;;;;;;;;;
;;;;;;;;;;
;;;;;;;;;;
;;;;;;;;;;
;;;;;;;;;;
;;;;;;;;;;
;;;;;;;;;;
;;;;;;;;;;
;;;;;;;;;;
;;;;;;;;;;
;;;;;;;;;;
;;;;;;;;;;
;;;;;;;;;;
;;;;;;;;;;
;;;;;;;;;;
;;;;;;;;;;
;;;;;;;;;;
;;;;;;;;;;
;;;;;;;;;;
;;;;;;;;;;
;;;;;;;;;;
;;;;;;;;;;
;;;;;;;;;;
